,title,description,price,points,lda_label,2
59867,Emilio Moro 2011 Malleolus de Valderramiro  (Ribera del Duero),"Dark, toasty aromas suggest creosote and chimney smoke; throw in black olive, blackberry, dark plum and mocha scents and this is one hefty package. Fully tannic, with toasty chocolaty flavors of black fruits and oak-based spice, this finishes full and fierce, but not mean. Drink from 2019–2035.",150.0,95,2,0.9608623102625417
70099,Colomé 2010 Reserva Malbec (Salta),"Take note, this could be the best wine Colomé has ever bottled. Cedary oak aromas grace ripe, almost desiccated wild berry notes that are slightly herbal and sauvage. A well-layered mouthfeel is ideal in power and precision. Requisite blackberry, cassis, toast and peppery flavors finish dry and long, with little heat or burn. Drink through 2021.",90.0,95,2,0.954988737253632
85158,Alta Vista 2012 Single Vineyard Temis Malbec (Valle de Uco),"Inky berry and smoky, minerally aromas of charcoal properly introduce a saturated palate with tons of oak but even more fruit at its base. This supercharged Malbec is almost over the top, with massive blackberry, chocolate and molasses flavors. Burnt toast and chocolate mint-chip flavors on the finish confirm that this is a monster red. Drink through 2023.",48.0,95,2,0.9526224346961655
7053,Viña Cobos 2012 Bramare Marchiori Vineyard Malbec (Luján de Cuyo),"Toasty woodsmoke aromas are matched by wild berry, cassis, cherry and marshmallow scents on the nose of this huge Malbec. Creamy feeling but also inky and fully concentrated, this tastes like black cherry and cough drops. Candied ripeness carries onto the finish along with chocolate and dry spice flavors. Drink through 2022.",90.0,94,2,0.9608596432791002
14752,François Lurton 2013 Chacayes Malbec (Valle de Uco),"Ripe, dark, baked aromas of pastry, turned-up earth, campfire and wild-berry fruits set up a seriously deep and tannic palate that's stacked with black-fruit power, toasty oak and intensity. This tastes blackened, toasty and chocolaty on top of core blackberry and cassis flavors, while an oaky finish with peppery spice is just right for this type of burly wine. Drink through 2022.",80.0,93,2,0.9678504073687949
44701,Errazuriz 2011 La Cumbre Syrah (Aconcagua Valley),"Cool, earthy, foresty aromas dance with sweet berry and spice scents to form a superb nose. This offers an exemplary mix of weight and acidity, while lively berry flavors are meaty, complex and show mild herbal notes, peppery spice and juicy length on the finish. Definitely one of Chile's best Syrahs. Drink through 2019.",125.0,93,2,0.9624894041565627
23023,Aguijón De Abeja 2015 Reserva Malbec (Argentina),"While this is immensely oaky on the nose, that wood and char works because it comes with ripe cassis, blackberry and raisin scents. Chewy, ultraripe and tannic on the palate, this tastes of sweet black fruits, chocolaty oak and wood. An oaky reprise is front and center on a grabby stacked finish. Drink through 2023.",40.0,93,2,0.9608632695950783
28573,Teso La Monja 2008 Alabaster  (Toro),"A dark bruiser with heavy mocha, chocolate, tobacco, cola and crusty leather aromas in addition to massive fruit scents. It's huge in the mouth, with broad, grabby tannins, pumped-up acids and wide berry, vanilla and coconut flavors. Dark like coffee on the finish, with titanic tannins and foundation. Best from 2013 through 2016.",243.0,93,2,0.9608602017513937
116252,Salentein 2013 Pr1mum Malbec (Uco Valley),"This is a top-dog Malbec from start to finish. Aromas of cassis, black plum and blackberry are well oaked and in harmony with each other. While this is tannic, rubbery and hard in feel, the wine's lusty plum, raisin, chocolate and herbal flavors can handle it. A spicy, toasty, chocolaty finish is fully oaked and strapping. Drink through 2023.",65.0,93,2,0.9590879341745562
7692,Cono Sur 2013 20 Barrels Cabernet Sauvignon (Maipo Valley),"Dense, baked and mulled blackberry and cassis aromas include bold but classy oak notes. This feels seamless except for raring tough tannins, while flavors of toast, graphite and spiced blackberry finish smooth and chewy, with a sense of lushness despite lasting residual tannins. Drink through 2025.",35.0,93,2,0.9590818314727804
68983,Cono Sur 2013 20 Barrels Cabernet Sauvignon (Maipo Valley),"Dense, baked and mulled blackberry and cassis aromas include bold but classy oak notes. This feels seamless except for raring tough tannins, while flavors of toast, graphite and spiced blackberry finish smooth and chewy, with a sense of lushness despite lasting residual tannins. Drink through 2025.",35.0,93,2,0.9590818314727804
116256,Bodega Renacer 2012 R Malbec (Mendoza),"This Malbec is exceedingly ripe from start to finish. Aromas of blackberry, raisin, char and loamy earth announce a 16% heavyweight that holds onto its elegance. Flush, plump and elastic on the palate, this tastes of fig, blackberry, cassis and mocha. Chocolate and woodspice flavors drive a lush, dense finish that's a touch hot. Drink through 2020.",65.0,93,2,0.957134324262993
23679,Pascual Toso 2013 Magdalena Toso Barrancas Vineyards Paul Hobbs Barrels Selection Limited 23 Barrels Malbec-Cabernet (Mendoza),"Cool, piercing aromas suggest wood grain and maple alongside blackberry and cassis scents. This massive wine is tannic, but meaty and friendly at its base. Savory, inky flavors of plum and floral-berry fruits finish with strong oak; fortunately this has the structure and fruit to handle it. Drink through 2024.",130.0,93,2,0.9549895911841035
39941,Casar de Burbia 2013 Tebaida Mencía (Bierzo),"Dark, smoky, oaky aromas of tobacco, leather and black fruits lead to a palate that's muscular, tannic and solid as a pile of rocks. Cool, earthy black-fruit flavors include woodspice and dark-chocolate notes. This Mencía from a cold year is flush, rugged and dry on the finish. Drink through 2025.",76.0,93,2,0.9549885023965926
20677,Bodega Catena Zapata 2010 Nicasia Vineyard Malbec (Mendoza),"Laser-like cassis and black cherry aromas come with an accent of toasted oak. A pure, well-balanced palate isn't at all pushy or heavy, while snappy, fresh flavors of raspberry and spiced plum finish racy, toasty and the slightest bit herbal. Drink through 2022.",120.0,93,2,0.9526197073964939
77449,Salentein 2012 PR1MUM Cabernet Sauvignon (Uco Valley),"This classy Cabernet marks a high point for Salentein. On the nose, it's redolent of oak grain, tobacco, vanilla and all sorts of berry fruits. The palate is full, ripe and solid as an ox. Spiced berry, tobacco and cedary flavors finish dry, sturdy and lightly herbal. Drink through 2022.",65.0,93,2,0.952616012630539
39942,Cellers Unió 2013 Roureda Llicorella Gran Selecció Vitis 60 Grenache-Carignan (Priorat),"This red opens with reticent jammy aromas that expand to include licorice and asphalt notes. The wine is so saturated that it weighs down on the palate. Flavors of savory berry fruits are matched by saucy tomato and spice notes. On a sinewy finish, tomato sauce, raspberry and red-plum flavors stick out. Drink through 2026.",33.0,93,2,0.9499906714857994
92900,Pintia 2009  Toro,"There's no denying this wine's force. It's 15% ABV but balanced, with roasted berry, leather, toasty oak, graphite and prune aromas. The palate feels full, flush and without gaps, while flavors of blackberry, cassis, chocolate and spice finish exceedingly smooth, with loamy notes and leftover spice. Drink through 2020.",70.0,93,2,0.9499885745183603
107670,Elias Mora 2009 Reserva  (Toro),"Earthy, foresty berry aromas are loaded with oaky accents of coconut, vanilla and tobacco. This is fiercely tannic, but there's enough fruit and structure to handle severe tannic bite. Ripe, raisiny flavors come with tobacco and herbal accents, while the finish is pounding and full of chocolate, fig, coffee and herbal flavors. Drink through 2025.",120.0,92,2,0.9653783802482695
51587,O. Fournier 2008  Ribera del Duero,"Cool berry, graphite, cola and prune are the lead aromas on this ripe RDD. In the mouth, choppy tannins and firm acids create a strong, edgy feel. Flavors of cassis, wild berry, coconut and vanilla announce ripeness and plenty of oak. It finishes with abrupt tannins, tons of residual flavor and weight. Drink now through 2021.",85.0,92,2,0.9653759765831169
